id,lat,lon,hour_pricing,daily_pricing,week_pricing,car_make,car_model,car_year,automatic_transmission,color
1,37.371258,-122.323459,9,27,149,Mitsubishi,Lancer Evolution,2008,true,Khaki
2,37.570407,-122.116031,7,24,145,Ford,C-MAX Hybrid,2013,true,Purple
3,37.135595,-122.138146,1,81,110,Pontiac,Grand Prix,1981,false,Mauv
4,37.378246,-122.420713,6,42,198,BMW,X3,2010,false,Fuscia
5,37.383437,-122.328667,19,79,120,MINI,Countryman,2011,true,Aquamarine
6,37.706681,-122.233538,3,32,119,GMC,Yukon Denali,2000,true,Aquamarine
7,37.794623,-122.25881,15,45,127,Volkswagen,rio,1995,true,Crimson
8,37.033374,-122.838233,19,30,129,Toyota,Prius,2006,false,Turquoise
9,37.03278,-122.545825,19,55,188,Mercury,Sable,1999,false,Pink
10,37.423271,-122.454185,16,28,157,Toyota,Cressida,1992,false,Maroon
11,37.774953,-122.115067,9,33,129,Oldsmobile,Bravada,1994,false,Khaki
12,37.387388,-122.224724,12,55,115,BMW,325,2004,false,Orange
13,37.379217,-122.466722,4,51,161,Lotus,Elan,1992,false,Indigo
14,37.958776,-122.621246,4,56,139,Chevrolet,Colorado,2004,true,Indigo
15,37.151123,-122.833455,20,48,108,Ford,F-Series Super Duty,2007,true,Orange
16,37.091116,-122.801889,13,33,126,Infiniti,M,2012,false,Indigo
17,37.545285,-122.488514,20,44,157,Lincoln,Continental,1987,true,Khaki
18,37.383519,-122.935683,19,61,186,Toyota,4Runner,2009,true,Green
19,37.352809,-122.990285,17,41,133,Honda,Element,2011,false,Turquoise
20,37.976373,-122.578203,1,86,123,Ford,Ranger,1987,true,Orange
21,37.446366,-122.945424,16,32,177,GMC,Savana 1500,2003,false,Aquamarine
22,37.300251,-122.173573,12,66,126,Mercury,Mountaineer,2009,true,Purple
23,37.596708,-122.734323,16,59,124,Honda,Civic GX,2003,false,Crimson
24,37.403427,-122.520173,13,52,151,Cadillac,Seville,1993,false,Khaki
25,37.128792,-122.013948,10,41,108,Honda,CR-V,2004,true,Fuscia
26,37.36237,-122.142295,3,96,104,Honda,Odyssey,2012,true,Puce
27,37.865259,-122.500128,4,94,191,Nissan,Altima,2001,false,Maroon
28,37.2461,-122.440269,5,89,110,Volvo,V70,2005,true,Indigo
29,37.469874,-122.541967,7,47,182,Mitsubishi,Expo LRV,1996,false,Aquamarine
30,37.812446,-122.388075,1,30,106,McLaren,MP4-12C,2012,false,Violet
31,37.007435,-122.670564,12,62,108,Dodge,Ram Van B350,1993,true,Violet
32,37.309756,-122.851429,18,59,122,Ford,Econoline E250,2002,false,Crimson
33,37.970533,-122.343202,1,66,146,Chevrolet,Corsica,1993,true,Crimson
34,37.176383,-122.525015,19,84,163,Suzuki,Swift,1991,false,Orange
35,37.431021,-122.714928,18,96,195,Mercedes-Benz,400E,1993,true,Purple
36,37.761223,-122.203542,13,61,140,Isuzu,Trooper,2000,true,Turquoise
37,37.097273,-122.930419,13,58,127,Dodge,Avenger,1999,true,Fuscia
38,37.137565,-122.566115,15,61,178,Hyundai,Tucson,2011,false,Fuscia
39,37.469595,-122.318507,11,64,138,Audi,S4,2013,false,Indigo
40,37.029296,-122.988524,7,32,165,Chevrolet,Tahoe,1997,true,Crimson
41,37.97301,-122.084799,17,41,197,Mazda,MPV,2002,false,Turquoise
42,37.986951,-122.784172,6,54,133,Jeep,Wrangler,2010,true,Maroon
43,37.251614,-122.626372,10,97,174,Aston Martin,DB9,2008,true,Green
44,37.307378,-122.879087,13,87,102,Saab,900,1995,false,Orange
45,37.959055,-122.250836,14,28,124,Mercury,Topaz,1990,false,Blue
46,37.179323,-122.086054,19,72,166,Bentley,Continental GT,2007,false,Turquoise
47,37.388177,-122.625971,12,51,101,Pontiac,Vibe,2004,true,Violet
48,37.222991,-122.551721,8,88,101,Subaru,XT,1988,false,Green
49,37.22921,-122.157539,2,97,110,Plymouth,Neon,1996,true,Purple
50,37.493567,-122.27213,19,39,132,Dodge,Charger,2009,false,Crimson
51,37.942053,-122.190993,20,89,190,Porsche,Boxster,2002,false,Yellow
52,37.880966,-122.682199,20,25,184,Lotus,Exige,2012,true,Blue
53,37.006983,-122.633916,8,60,123,Chevrolet,Avalanche 1500,2006,true,Violet
54,37.920298,-122.543516,2,65,104,Toyota,Tundra,2000,false,Mauv
55,37.508377,-122.98972,15,77,185,Acura,MDX,2005,true,Indigo
56,37.155026,-122.208949,12,32,196,Mercedes-Benz,E-Class,2005,false,Fuscia
57,37.930475,-122.959891,18,64,142,Pontiac,G5,2009,true,Khaki
58,37.771587,-122.016038,6,68,130,Pontiac,Sunbird,1989,false,Aquamarine
59,37.355938,-122.888246,1,97,166,Lincoln,Continental,1998,false,Teal
60,37.495424,-122.884388,15,60,182,Kia,Soul,2012,true,Green
61,37.555691,-122.404324,17,95,195,Ford,Explorer Sport Trac,2004,true,Blue
62,37.748108,-122.01349,2,58,129,Kia,Sorento,2009,false,Puce
63,37.22304,-122.03148,4,75,187,Mercury,Mystique,2000,true,Aquamarine
64,37.147693,-122.164661,9,38,154,Land Rover,Range Rover Sport,2009,true,Pink
65,37.772211,-122.522174,7,40,174,GMC,Sierra 2500,2008,false,Fuscia
66,37.954608,-122.036257,8,69,194,Jeep,Wrangler,2002,false,Maroon
67,37.414264,-122.388338,6,37,148,Chevrolet,G-Series G30,1994,true,Pink
68,37.195161,-122.064623,18,82,108,Honda,Accord,1985,true,Blue
69,37.802292,-122.943159,20,20,154,Mazda,Mazda2,2011,true,Khaki
70,37.876838,-122.252193,18,58,163,Pontiac,Grand Prix,2005,false,Yellow
71,37.177731,-122.904218,6,51,149,Saab,9-3,2011,false,Teal
72,37.526528,-122.210024,5,40,176,Chevrolet,Silverado,2003,false,Goldenrod
73,37.437765,-122.695974,19,39,195,Hyundai,Tiburon,2004,true,Turquoise
74,37.229732,-122.497571,6,81,110,Nissan,Maxima,1994,false,Orange
75,37.442911,-122.635159,18,91,186,Cadillac,Eldorado,2001,true,Mauv
76,37.049008,-122.815297,18,73,165,Honda,Element,2006,false,Teal
77,37.267818,-122.175458,9,37,117,GMC,Safari,1996,false,Pink
78,37.577218,-122.764996,13,30,131,Pontiac,Grand Prix,1999,true,Mauv
79,37.223022,-122.597909,2,22,181,Buick,Century,1991,false,Pink
80,37.616314,-122.414716,14,70,131,Lincoln,MKZ,2012,false,Pink
81,37.606807,-122.202908,2,94,148,Hyundai,Tiburon,1997,false,Fuscia
82,37.454583,-122.756416,9,20,113,Mitsubishi,Galant,1985,false,Violet
83,37.239265,-122.878035,11,74,149,Bentley,Continental,2012,false,Turquoise
84,37.980702,-122.695041,1,60,150,Mitsubishi,3000GT,1995,false,Puce
85,37.406529,-122.355156,19,38,181,Mercedes-Benz,400SE,1992,true,Mauv
86,37.216498,-122.753849,4,96,178,Ford,Taurus,1996,false,Orange
87,37.994369,-122.722812,20,87,106,GMC,Savana 1500,1998,true,Green
88,37.023657,-122.466976,1,98,181,Lexus,IS,2004,true,Orange
89,37.512242,-122.977236,2,37,143,Ferrari,F430,2009,true,Crimson
90,37.382155,-122.454385,7,39,151,Suzuki,Sidekick,1990,false,Green
91,37.075379,-122.967522,9,39,156,Mercedes-Benz,R-Class,2008,false,Pink
92,37.924943,-122.006195,7,32,186,Nissan,Altima,2000,false,Yellow
93,37.524416,-122.842714,15,23,141,Ford,F350,2009,true,Pink
94,37.256482,-122.462541,14,47,178,BMW,3 Series,2008,true,Aquamarine
95,37.360862,-122.175064,2,25,141,Volkswagen,Golf,1986,false,Yellow
96,37.485074,-122.190659,4,53,105,Honda,Civic,2001,true,Mauv
97,37.439697,-122.000703,18,22,180,Chrysler,PT Cruiser,2001,true,Mauv
98,37.50911,-122.429051,12,47,139,Hyundai,XG350,2005,true,Teal
99,37.003395,-122.563776,3,74,127,Audi,A4,2007,true,Teal
100,37.39553,-122.161566,9,100,177,Mitsubishi,GTO,1998,true,Maroon
101,37.427197,-122.075406,20,77,150,Nissan,Armada,2007,true,Pink
102,37.7377,-122.289792,16,31,165,Honda,del Sol,1993,true,Indigo
103,37.835198,-122.680625,3,97,123,Chevrolet,Suburban 1500,2006,false,Violet
104,37.375088,-122.36183,12,95,109,GMC,Safari,1997,false,Indigo
105,37.888024,-122.664728,18,70,130,Porsche,928,1995,false,Turquoise
106,37.445158,-122.251604,14,61,114,Toyota,Prius,2005,true,Aquamarine
107,37.175159,-122.608424,12,83,164,Nissan,Quest,1999,true,Crimson
108,37.363773,-122.272411,3,54,104,Saab,900,1989,true,Mauv
109,37.844651,-122.945456,18,75,102,Dodge,Ram 3500,1997,true,Khaki
110,37.965197,-122.942945,15,100,177,Volkswagen,Golf,1989,false,Mauv
111,37.707717,-122.768681,8,91,168,Pontiac,Firefly,1986,true,Indigo
112,37.248474,-122.924079,12,40,165,Ford,Econoline E350,2002,true,Turquoise
113,37.304098,-122.814697,17,47,154,Mercury,Sable,1989,true,Teal
114,37.764972,-122.096519,20,57,177,Dodge,Charger,1999,true,Maroon
115,37.103792,-122.92997,14,37,118,Pontiac,Firebird,1986,true,Blue
116,37.244633,-122.934425,16,48,195,GMC,Savana 1500,2008,false,Aquamarine
117,37.925131,-122.736403,15,27,167,Mazda,Protege,1995,false,Orange
118,37.869504,-122.559318,18,35,172,Dodge,Durango,2008,false,Goldenrod
119,37.455616,-122.342572,13,35,126,Hyundai,Tiburon,2003,true,Crimson
120,37.025014,-122.459317,7,47,197,Pontiac,Trans Sport,1990,true,Aquamarine
121,37.926344,-122.172242,8,64,134,Mitsubishi,Outlander,2004,false,Mauv
122,37.880896,-122.5254,13,34,167,Porsche,Boxster,2003,true,Maroon
123,37.100762,-122.931475,18,38,198,Mercedes-Benz,GL-Class,2007,false,Blue
124,37.236137,-122.924243,15,67,149,Toyota,Matrix,2008,true,Pink
125,37.964816,-122.041202,17,49,177,Cadillac,STS-V,2009,false,Puce
126,37.877506,-122.056172,17,99,173,Chrysler,300,2010,false,Crimson
127,37.009507,-122.893416,13,38,190,GMC,Safari,1994,true,Teal
128,37.825458,-122.316893,1,34,111,Ford,Falcon,1966,false,Green
129,37.210316,-122.843796,16,88,155,BMW,M5,2006,false,Red
130,37.947198,-122.326905,11,41,174,Honda,Accord,1996,true,Puce
131,37.636108,-122.81779,4,62,155,Mitsubishi,Mirage,1990,false,Teal
132,37.233654,-122.707146,1,35,172,Ford,F-Series,2007,true,Pink
133,37.692101,-122.635523,4,56,135,Land Rover,Range Rover,1993,false,Teal
134,37.876485,-122.041268,12,99,196,Ford,Freestyle,2007,false,Violet
135,37.634149,-122.727606,9,33,159,Chevrolet,Silverado 3500,2005,false,Pink
136,37.001321,-122.888129,3,22,113,Honda,CR-X,1985,true,Yellow
137,37.494231,-122.134126,6,83,172,Ford,Taurus,2005,true,Teal
138,37.265009,-122.325517,4,50,190,Mitsubishi,Tredia,1988,false,Orange
139,37.751052,-122.261142,2,26,190,Mercedes-Benz,SLK-Class,2007,false,Goldenrod
140,37.054169,-122.110052,2,20,116,Infiniti,I,1997,true,Green
141,37.501287,-122.709788,8,63,161,Lincoln,Town Car,1999,false,Violet
142,37.43491,-122.001923,11,28,130,GMC,2500,1992,false,Green
143,37.801465,-122.117584,7,93,180,Suzuki,Forenza,2008,true,Purple
144,37.891685,-122.778594,6,39,172,Oldsmobile,Bravada,2003,false,Fuscia
145,37.119189,-122.443085,13,54,117,Chevrolet,Express,2008,true,Red
146,37.705921,-122.861412,9,54,171,Mercedes-Benz,S-Class,2009,true,Puce
147,37.250756,-122.287739,2,83,146,Infiniti,Q,2003,false,Teal
148,37.034668,-122.675533,19,76,175,Chevrolet,Avalanche 2500,2004,false,Pink
149,37.08972,-122.379347,11,27,157,Pontiac,Daewoo Kalos,2005,false,Purple
150,37.231118,-122.425597,19,22,168,Subaru,Outback,2008,true,Purple
151,37.033043,-122.506718,4,49,115,Mercedes-Benz,W201,1989,true,Yellow
152,37.267208,-122.012543,5,43,188,Volvo,S80,2005,true,Violet
153,37.595507,-122.250148,14,60,169,Porsche,944,1986,true,Pink
154,37.008347,-122.813712,3,23,143,Dodge,Neon,2002,true,Teal
155,37.737607,-122.74726,14,21,184,MINI,Cooper Clubman,2010,true,Violet
156,37.74128,-122.354146,11,76,197,Buick,Riviera,1979,true,Orange
157,37.737827,-122.311818,2,38,175,Isuzu,i-370,2007,false,Maroon
158,37.443198,-122.086736,16,70,130,Dodge,Aspen,1976,true,Crimson
159,37.795803,-122.080559,13,50,129,Mazda,CX-9,2011,true,Teal
160,37.56968,-122.053076,7,67,110,Dodge,Ram 3500,2009,false,Red
161,37.489672,-122.092762,6,58,195,Acura,MDX,2009,false,Orange
162,37.402713,-122.268039,10,46,155,Pontiac,G5,2009,true,Yellow
163,37.81345,-122.42323,20,42,171,GMC,Sierra 2500,2000,true,Mauv
164,37.925117,-122.306515,15,69,147,Toyota,Tacoma,2005,false,Turquoise
165,37.410174,-122.236623,7,40,152,Aston Martin,DBS,2008,true,Yellow
166,37.417014,-122.053151,6,34,187,Ford,Ranger,2005,true,Blue
167,37.302258,-122.956467,15,28,194,Pontiac,Grand Am,1989,false,Turquoise
168,37.32701,-122.205682,20,45,193,Honda,Accord,1986,false,Blue
169,37.929701,-122.448564,1,37,158,Mitsubishi,Lancer,2012,false,Aquamarine
170,37.978375,-122.604368,12,72,176,Hyundai,Elantra,1993,true,Teal
171,37.027436,-122.851199,6,84,117,Cadillac,Seville,1993,true,Turquoise
172,37.272029,-122.543987,18,25,191,Mitsubishi,Mirage,2001,true,Khaki
173,37.456318,-122.797382,3,88,109,Acura,TL,2012,false,Teal
174,37.013687,-122.244193,17,95,186,Buick,Century,1991,false,Khaki
175,37.269655,-122.423909,8,42,193,Infiniti,FX,2006,true,Maroon
176,37.000125,-122.707039,18,53,176,Mercedes-Benz,SL-Class,1994,true,Goldenrod
177,37.718761,-122.906837,3,64,194,Nissan,Pathfinder,2010,false,Goldenrod
178,37.898637,-122.024409,12,59,200,Ford,E-Series,1989,true,Green
179,37.53188,-122.016939,17,82,190,Lincoln,MKZ,2009,true,Red
180,37.151822,-122.651873,15,43,198,Pontiac,Sunfire,1996,true,Goldenrod
181,37.286303,-122.438803,17,96,189,Cadillac,Escalade EXT,2004,true,Purple
182,37.559985,-122.551625,16,50,125,Lexus,LS,2008,false,Indigo
183,37.458175,-122.301417,10,87,100,Lamborghini,Aventador,2012,true,Khaki
184,37.565801,-122.770176,12,99,131,Chevrolet,Venture,2003,false,Yellow
185,37.410063,-122.341904,13,64,137,Audi,Q5,2009,true,Aquamarine
186,37.308108,-122.906551,3,50,170,Buick,Skylark,1998,false,Turquoise
187,37.760006,-122.431342,16,87,195,Chevrolet,Tracker,2001,true,Crimson
188,37.942106,-122.378066,4,37,152,Ford,Ranger,1986,true,Puce
189,37.670369,-122.920806,12,21,178,Chevrolet,3500,1992,false,Maroon
190,37.228643,-122.141035,17,34,186,Volvo,S60,2006,false,Mauv
191,37.835202,-122.927323,9,77,124,MINI,Cooper,2008,false,Blue
192,37.904454,-122.399668,10,84,104,Toyota,Tacoma,2007,true,Turquoise
193,37.896309,-122.916935,3,43,128,Jeep,Liberty,2005,false,Khaki
194,37.420102,-122.951925,16,94,149,Toyota,T100 Xtra,1996,true,Yellow
195,37.863948,-122.040311,6,30,119,Mazda,MX-6,1995,false,Fuscia
196,37.095748,-122.368401,17,60,140,Geo,Prizm,1995,false,Indigo
197,37.187847,-122.988011,13,85,166,MINI,MINI,2002,false,Maroon
198,37.672213,-122.14693,13,40,146,Chrysler,Town & Country,1997,false,Mauv
199,37.980174,-122.610542,2,34,138,Porsche,Cayenne,2005,false,Goldenrod
200,37.365519,-122.388086,12,52,161,Nissan,Titan,2007,true,Blue
201,37.583005,-122.743708,9,22,135,Ford,Explorer Sport Trac,2007,true,Indigo
202,37.727154,-122.53357,7,68,173,Dodge,Avenger,2010,true,Teal
203,37.338419,-122.155445,12,32,114,Chrysler,Sebring,2005,true,Red
204,37.340917,-122.438415,13,49,161,Audi,100,1992,false,Goldenrod
205,37.485181,-122.780988,7,64,132,Cadillac,SRX,2005,false,Orange
206,37.572895,-122.266746,17,33,194,Audi,A4,2001,true,Red
207,37.859732,-122.701231,4,82,187,Smart,Fortwo,2008,false,Orange
208,37.34357,-122.33186,12,97,143,Oldsmobile,Cutlass Supreme,1994,false,Yellow
209,37.863184,-122.812359,14,65,162,Nissan,Altima,2005,true,Red
210,37.226115,-122.198481,14,23,164,Toyota,MR2,1992,false,Blue
211,37.708842,-122.334651,6,30,109,Land Rover,Discovery Series II,2000,false,Violet
212,37.060716,-122.439569,5,47,114,Toyota,Corolla,2010,false,Aquamarine
213,37.089377,-122.585731,1,44,138,Honda,CR-X,1985,true,Yellow
214,37.963673,-122.710851,16,56,116,Kia,Rio,2009,false,Khaki
215,37.154946,-122.900691,6,28,166,Rolls-Royce,Phantom,2008,true,Blue
216,37.579032,-122.752016,11,59,188,Hummer,H3,2006,true,Goldenrod
217,37.988241,-122.051427,7,74,171,Lincoln,Town Car,2004,true,Goldenrod
218,37.205579,-122.51512,18,28,130,Ford,Laser,1984,false,Green
219,37.583463,-122.332872,11,36,138,Audi,80/90,1988,false,Aquamarine
220,37.522042,-122.325912,2,41,114,Cadillac,STS,2006,true,Yellow
221,37.567393,-122.366461,17,68,118,Lamborghini,Murciélago,2009,false,Violet
222,37.908063,-122.824037,8,30,156,Porsche,Boxster,1999,false,Aquamarine
223,37.207474,-122.31754,8,90,160,Mitsubishi,Endeavor,2011,true,Puce
224,37.795996,-122.577009,11,89,120,Lotus,Esprit,1999,false,Purple
225,37.870821,-122.163164,9,21,112,BMW,X3,2008,true,Pink
226,37.752326,-122.793094,18,64,101,Land Rover,Range Rover Sport,2006,false,Fuscia
227,37.743778,-122.407791,1,27,124,Volvo,V70,2006,true,Goldenrod
228,37.299557,-122.994067,13,46,130,Mitsubishi,Eclipse,1999,true,Indigo
229,37.599011,-122.756819,1,46,157,Rolls-Royce,Phantom,2008,false,Indigo
230,37.299214,-122.732579,16,58,110,Ford,E150,2008,true,Khaki
231,37.54875,-122.623984,17,28,106,Audi,RS 6,2003,true,Fuscia
232,37.167291,-122.077042,3,100,111,Audi,4000CS Quattro,1986,true,Mauv
233,37.275107,-122.344194,11,52,176,Dodge,Intrepid,1996,true,Blue
234,37.121946,-122.39701,13,89,121,Toyota,Camry,1992,true,Turquoise
235,37.491185,-122.922014,7,59,199,Kia,Optima,2005,false,Mauv
236,37.851828,-122.064217,8,49,193,Ford,Mustang,1996,false,Puce
237,37.171057,-122.910458,5,50,181,Chevrolet,Sportvan G20,1992,false,Blue
238,37.621747,-122.019943,2,44,131,Plymouth,Grand Voyager,1998,true,Red
239,37.203039,-122.945638,13,73,156,Mazda,B-Series Plus,1994,false,Indigo
240,37.376867,-122.989708,9,69,123,Nissan,Frontier,2002,true,Turquoise
241,37.734538,-122.276934,10,84,102,Volkswagen,Eos,2011,true,Green
242,37.732406,-122.742269,17,78,166,Isuzu,Amigo,2000,false,Khaki
243,37.617429,-122.584892,2,90,190,Pontiac,Firebird,1987,true,Khaki
244,37.620952,-122.347829,2,39,134,Porsche,944,1985,true,Teal
245,37.356445,-122.006105,5,70,147,Mitsubishi,Lancer,2010,false,Red
246,37.573614,-122.240122,14,81,195,BMW,325,2005,false,Green
247,37.54622,-122.538276,5,98,110,GMC,Safari,1998,true,Yellow
248,37.886789,-122.855287,3,100,129,Maserati,Quattroporte,2012,false,Goldenrod
249,37.087321,-122.778108,12,71,169,Acura,MDX,2010,false,Red
250,37.554856,-122.930406,20,80,109,Mitsubishi,Montero Sport,2003,false,Goldenrod
251,37.045169,-122.432203,15,58,178,Plymouth,Roadrunner,1969,true,Goldenrod
252,37.082123,-122.17424,6,73,148,Pontiac,Sunbird,1993,true,Yellow
253,37.24016,-122.66977,4,36,124,Pontiac,Firebird,2001,false,Maroon
254,37.796535,-122.781729,12,45,128,Kia,Spectra5,2006,false,Orange
255,37.183729,-122.463458,7,63,174,GMC,2500,1993,false,Turquoise
256,37.809686,-122.15107,20,22,187,GMC,Vandura 1500,1994,true,Maroon
257,37.840101,-122.867315,3,97,167,Ford,Contour,1995,true,Blue
258,37.150594,-122.201891,10,47,103,Aston Martin,Vantage,2010,true,Pink
259,37.337532,-122.818782,4,39,136,Honda,Odyssey,2008,false,Green
260,37.444916,-122.297172,17,24,196,Mazda,RX-7,1995,true,Teal
261,37.384601,-122.300775,2,89,106,Dodge,Ram 1500,2004,true,Red
262,37.168208,-122.031151,13,44,124,Mitsubishi,Mighty Max,1993,true,Pink
263,37.792847,-122.661087,18,21,182,Dodge,Ram Wagon B250,1993,false,Blue
264,37.005574,-122.998986,4,71,132,Chevrolet,Express 1500,2000,true,Blue
265,37.472628,-122.099665,9,73,191,Volvo,V70,2004,false,Maroon
266,37.491375,-122.023865,9,37,142,Dodge,Stratus,2003,false,Violet
267,37.648097,-122.46214,18,44,169,Lexus,LS,2003,true,Orange
268,37.501246,-122.164649,14,100,130,Buick,Riviera,1992,false,Maroon
269,37.955419,-122.528334,7,65,167,Ford,F350,2010,true,Purple
270,37.639207,-122.753597,7,77,108,Toyota,Supra,1997,false,Orange
271,37.315238,-122.934338,15,28,149,Mazda,929,1993,false,Mauv
272,37.78165,-122.600858,19,68,196,Suzuki,Esteem,1999,false,Mauv
273,37.679615,-122.901296,4,39,171,Pontiac,Grand Am,1998,true,Pink
274,37.111719,-122.313658,18,97,169,Mercedes-Benz,SLK-Class,1999,false,Maroon
275,37.799937,-122.797977,1,51,151,Isuzu,i-350,2006,false,Khaki
276,37.704866,-122.513007,4,66,114,Daewoo,Lanos,2001,true,Khaki
277,37.951723,-122.065553,20,83,106,Ford,LTD Crown Victoria,1990,false,Blue
278,37.271856,-122.46564,17,65,121,Audi,4000CS Quattro,1987,false,Puce
279,37.387491,-122.589806,8,99,168,Cadillac,Escalade ESV,2004,false,Violet
280,37.782988,-122.908498,8,41,179,Dodge,D150 Club,1992,false,Maroon
281,37.404646,-122.506417,13,73,172,Volkswagen,Touareg,2003,true,Maroon
282,37.63737,-122.215436,12,41,180,Honda,Prelude,2001,true,Turquoise
283,37.061934,-122.947975,2,72,126,Ford,Thunderbird,2004,true,Blue
284,37.493414,-122.772989,16,63,176,Toyota,Camry,2008,true,Indigo
285,37.845394,-122.662266,16,27,178,Volvo,V70,2004,false,Khaki
286,37.651647,-122.810185,17,45,109,Mercedes-Benz,CL-Class,2011,true,Violet
287,37.628095,-122.331196,9,93,185,Mazda,Mazda3,2010,true,Mauv
288,37.425085,-122.092963,6,96,183,Buick,Enclave,2012,true,Blue
289,37.183682,-122.532954,4,82,193,Kia,Optima,2012,false,Teal
290,37.001191,-122.941193,8,65,150,Mazda,Mazda5,2007,true,Puce
291,37.223696,-122.787809,14,25,163,Ford,F250,1997,false,Maroon
292,37.339067,-122.208837,15,65,137,Isuzu,Ascender,2009,false,Fuscia
293,37.655258,-122.184925,11,64,141,Volkswagen,Routan,2011,false,Violet
294,37.167648,-122.273794,15,49,107,Dodge,Ram Van 2500,2001,false,Khaki
295,37.851219,-122.324797,6,64,115,Audi,A3,2007,false,Red
296,37.796859,-122.569632,19,53,150,Volvo,XC70,2004,false,Indigo
297,37.325383,-122.673374,10,85,115,Kia,Sorento,2008,true,Fuscia
298,37.127736,-122.61319,3,90,142,Mitsubishi,Outlander Sport,2011,true,Puce
299,37.118194,-122.14993,9,49,135,Porsche,Cayenne,2012,true,Puce
300,37.975754,-122.343412,8,64,188,Oldsmobile,Bravada,1992,false,Purple
301,37.65712,-122.974908,11,89,199,Mitsubishi,Galant,2003,false,Teal
302,37.460444,-122.188002,20,76,176,GMC,Yukon XL 1500,2009,false,Fuscia
303,37.607734,-122.533651,2,69,131,Dodge,Grand Caravan,1993,true,Fuscia
304,37.805137,-122.662895,19,80,183,Isuzu,VehiCROSS,1999,true,Green
305,37.548483,-122.290774,5,98,187,Audi,A3,2008,false,Green
306,37.90496,-122.733257,7,83,177,Volkswagen,Corrado,1992,true,Indigo
307,37.55189,-122.094452,19,95,140,Land Rover,Range Rover Sport,2012,false,Khaki
308,37.362476,-122.48151,6,62,144,Mercedes-Benz,300CE,1993,false,Teal
309,37.194664,-122.898297,13,69,126,Cadillac,Eldorado,1996,true,Turquoise
310,37.225895,-122.458412,1,67,161,Chevrolet,Silverado 3500,2005,true,Orange
311,37.139805,-122.511403,13,82,176,Audi,A4,2008,true,Yellow
312,37.72229,-122.468264,2,41,135,Toyota,Avalon,2011,false,Aquamarine
313,37.994731,-122.441512,5,74,131,Lincoln,Town Car,1991,false,Red
314,37.250176,-122.91449,8,92,166,GMC,Yukon XL 1500,2012,false,Teal
315,37.72518,-122.937865,20,91,168,Ford,Explorer,2012,false,Puce
316,37.013095,-122.432421,3,50,179,Volvo,S80,2010,true,Pink
317,37.472733,-122.117227,12,78,163,Audi,S5,2008,true,Maroon
318,37.574804,-122.634154,1,50,152,Mazda,Miata MX-5,1992,true,Fuscia
319,37.29561,-122.682046,7,53,175,Volkswagen,Eurovan,2001,true,Aquamarine
320,37.292598,-122.135248,9,41,157,BMW,525,2002,false,Purple
321,37.281722,-122.976423,10,70,172,Maserati,430,1990,true,Turquoise
322,37.551951,-122.407487,2,98,190,Volvo,XC60,2012,false,Aquamarine
323,37.018532,-122.109164,4,66,190,Toyota,4Runner,2001,true,Crimson
324,37.429322,-122.077733,3,78,107,Mercedes-Benz,SL-Class,2011,true,Goldenrod
325,37.631643,-122.042303,12,22,149,Mercedes-Benz,E-Class,1999,true,Turquoise
326,37.520562,-122.44998,19,49,182,Ford,Windstar,1999,false,Mauv
327,37.652712,-122.671533,15,75,100,Saab,9-3,1999,false,Orange
328,37.285238,-122.972851,16,67,171,Ford,F450,2012,true,Crimson
329,37.419706,-122.914533,4,40,173,Mitsubishi,Outlander Sport,2011,false,Khaki
330,37.178168,-122.597625,20,89,192,Volkswagen,Touareg,2008,false,Yellow
331,37.899411,-122.380669,2,85,143,Toyota,RAV4,2007,false,Khaki
332,37.800321,-122.851064,18,39,189,McLaren,MP4-12C,2012,false,Purple
333,37.306264,-122.480426,7,56,171,Oldsmobile,Bravada,2004,true,Pink
334,37.354079,-122.295149,12,88,110,Mercedes-Benz,CL-Class,2012,false,Mauv
335,37.662439,-122.226581,13,73,175,Pontiac,Grand Prix,2005,true,Puce
336,37.271066,-122.951338,10,40,166,Saab,9-5,2000,false,Pink
337,37.306284,-122.559343,10,26,155,Eagle,Vision,1996,false,Goldenrod
338,37.820209,-122.005246,7,22,128,BMW,X6 M,2010,true,Fuscia
339,37.923845,-122.106357,5,48,170,Jeep,Liberty,2012,true,Red
340,37.194364,-122.016854,14,53,133,Mazda,Mazda6,2004,true,Aquamarine
341,37.321137,-122.700851,17,21,110,Hyundai,Elantra,2003,false,Crimson
342,37.092275,-122.632398,16,76,167,Chevrolet,Camaro,2011,true,Blue
343,37.794321,-122.88371,1,37,186,Pontiac,GTO,1971,true,Blue
344,37.33833,-122.920235,11,60,126,Land Rover,Defender 110,1993,false,Crimson
345,37.554683,-122.665863,16,47,133,Hyundai,Sonata,2004,true,Aquamarine
346,37.174497,-122.838032,20,86,146,Chevrolet,Silverado 2500,2005,false,Khaki
347,37.59837,-122.191165,13,64,161,Ford,F250,2005,true,Violet
348,37.900443,-122.566179,1,44,111,Ford,Ranger,2004,false,Green
349,37.660914,-122.32386,8,45,166,Ford,F450,2008,false,Puce
350,37.938817,-122.954524,7,26,128,Audi,S8,2002,true,Purple
351,37.249857,-122.544345,3,25,142,Chevrolet,Astro,1996,true,Red
352,37.728263,-122.463978,2,76,145,Chrysler,Town & Country,2009,true,Mauv
353,37.963803,-122.606223,15,77,156,Lamborghini,Murciélago,2007,true,Pink
354,37.637248,-122.596759,12,50,112,GMC,Vandura 1500,1993,true,Violet
355,37.164839,-122.628315,18,79,172,Aston Martin,DB9,2007,false,Puce
356,37.703776,-122.54037,3,50,112,Ford,Escort,1985,true,Puce
357,37.893434,-122.966063,11,87,112,Volvo,C70,2006,true,Pink
358,37.103469,-122.556714,19,24,107,Chevrolet,Malibu,2000,false,Red
359,37.157038,-122.440308,3,53,166,Maserati,GranSport,2005,false,Purple
360,37.354258,-122.554678,8,76,171,Mercury,Sable,2004,false,Aquamarine
361,37.600031,-122.275329,11,43,145,GMC,Savana 3500,2009,true,Pink
362,37.32494,-122.987272,14,53,175,Dodge,Intrepid,1996,true,Green
363,37.168013,-122.071717,9,98,107,Buick,Century,1986,true,Purple
364,37.173791,-122.219095,1,20,147,Ford,F250,1999,true,Green
365,37.653644,-122.613086,3,32,104,Mercedes-Benz,CL-Class,2002,false,Maroon
366,37.451664,-122.300132,2,91,126,Nissan,200SX,1995,false,Fuscia
367,37.989342,-122.478833,15,40,188,Plymouth,Voyager,1996,false,Puce
368,37.762292,-122.492479,18,39,123,Suzuki,Grand Vitara,2003,true,Turquoise
369,37.236367,-122.317617,12,27,187,GMC,Sierra,2007,true,Maroon
370,37.447365,-122.266853,19,54,102,Cadillac,XLR,2005,false,Fuscia
371,37.941131,-122.187051,6,23,172,Lexus,RX,2013,false,Purple
372,37.929716,-122.615761,6,54,130,Cadillac,Escalade EXT,2008,false,Khaki
373,37.216341,-122.616146,10,49,190,Dodge,Caravan,1996,true,Maroon
374,37.326118,-122.426252,6,30,103,Dodge,Ram 1500,2003,true,Teal
375,37.648935,-122.965088,12,90,112,Aston Martin,DBS,2012,true,Goldenrod
376,37.604662,-122.644321,10,61,138,Honda,Pilot,2010,true,Turquoise
377,37.398166,-122.377391,5,88,114,Acura,RL,2008,false,Orange
378,37.603023,-122.87593,2,93,152,Ford,Club Wagon,1998,false,Yellow
379,37.997392,-122.187616,12,36,124,Dodge,Ram 2500,1995,true,Teal
380,37.272802,-122.238433,7,85,159,Buick,Regal,2002,false,Mauv
381,37.073912,-122.512836,8,69,123,Lexus,RX,2004,false,Violet
382,37.955725,-122.384687,9,55,159,Mazda,MX-5,1997,false,Green
383,37.990968,-122.95768,12,47,145,Lincoln,Navigator L,2012,true,Yellow
384,37.217203,-122.333582,15,65,109,Saturn,Aura,2009,true,Teal
385,37.819559,-122.250715,10,87,191,Kia,Sportage,1995,false,Pink
386,37.352197,-122.729359,7,63,115,Buick,Century,2003,true,Goldenrod
387,37.927952,-122.402622,13,57,137,Ford,F-Series,1996,false,Maroon
388,37.712631,-122.742424,2,79,112,Hyundai,Elantra,2003,false,Maroon
389,37.447327,-122.260628,15,100,114,Mercedes-Benz,E-Class,2010,true,Khaki
390,37.556389,-122.046971,8,64,178,Chevrolet,Monte Carlo,2001,true,Green
391,37.735337,-122.430936,16,91,187,Dodge,Avenger,2010,false,Mauv
392,37.018678,-122.550853,17,39,121,Audi,RS 4,2007,false,Goldenrod
393,37.104017,-122.76394,17,52,151,Honda,Prelude,1994,false,Turquoise
394,37.022109,-122.599864,19,57,149,Mercedes-Benz,SL-Class,1994,true,Yellow
395,37.417865,-122.58818,2,23,130,Lincoln,MKX,2013,true,Goldenrod
396,37.057641,-122.727852,20,64,159,Isuzu,Stylus,1993,false,Pink
397,37.342958,-122.100929,8,62,101,Pontiac,Sunbird,1992,false,Goldenrod
398,37.95828,-122.977287,8,44,162,Porsche,Cayman,2012,false,Violet
399,37.75445,-122.668168,3,61,168,Chevrolet,G-Series 3500,1997,false,Violet
400,37.530427,-122.494201,18,52,182,Mercedes-Benz,CLK-Class,1999,true,Aquamarine
401,37.150287,-122.267318,11,31,110,Toyota,Camry,1998,true,Mauv
402,37.235077,-122.994243,13,43,154,MINI,Cooper,2006,true,Khaki
403,37.382506,-122.248824,12,49,142,Mercedes-Benz,CLK-Class,2003,true,Puce
404,37.777351,-122.406321,18,47,126,Dodge,Ram 1500,2005,true,Red
405,37.467397,-122.504984,11,25,123,Chevrolet,Avalanche 2500,2002,false,Puce
406,37.462373,-122.042041,3,21,186,Dodge,Neon,1998,false,Maroon
407,37.291542,-122.207844,1,21,183,GMC,Savana,2011,false,Puce
408,37.543359,-122.241592,4,31,181,GMC,Suburban 2500,1994,false,Purple
409,37.753487,-122.63126,1,86,154,Chevrolet,Lumina,2000,false,Green
410,37.476098,-122.365319,14,87,154,Plymouth,Colt Vista,1994,false,Violet
411,37.883227,-122.851245,7,51,115,Mercury,Mariner,2007,true,Green
412,37.564965,-122.629354,17,68,151,Buick,LeSabre,1997,false,Orange
413,37.434795,-122.891956,6,39,179,Volkswagen,Jetta,1996,false,Puce
414,37.090921,-122.312064,4,22,199,Dodge,Spirit,1992,true,Yellow
415,37.876702,-122.786799,3,65,189,Chevrolet,Silverado 3500,2007,false,Yellow
416,37.528627,-122.109926,8,77,138,Dodge,D150,1993,true,Indigo
417,37.825925,-122.121113,17,25,119,Chevrolet,Camaro,1978,true,Blue
418,37.882542,-122.470052,15,68,176,Suzuki,Esteem,1997,false,Orange
419,37.785392,-122.173389,2,42,179,Mercedes-Benz,E-Class,1984,false,Mauv
420,37.430534,-122.987341,7,83,102,Chevrolet,Malibu,1998,false,Yellow
421,37.814975,-122.403818,17,50,133,Toyota,MR2,1994,true,Maroon
422,37.286789,-122.750907,10,99,100,Audi,S6,2003,true,Fuscia
423,37.875914,-122.447405,10,90,113,Dodge,Grand Caravan,1996,true,Blue
424,37.910562,-122.693617,20,75,178,Chevrolet,Caprice,1983,false,Khaki
425,37.89271,-122.350076,2,43,135,Geo,Tracker,1992,true,Fuscia
426,37.669078,-122.114893,9,54,177,Geo,Prizm,1997,false,Puce
427,37.75174,-122.747245,11,84,124,Toyota,Land Cruiser,2004,true,Mauv
428,37.574005,-122.718176,1,45,162,Cadillac,Escalade ESV,2004,false,Crimson
429,37.51374,-122.199013,2,52,115,Saab,900,1993,true,Puce
430,37.64114,-122.681921,3,60,149,Infiniti,J,1993,false,Khaki
431,37.828749,-122.754727,1,60,167,Ford,F-Series,2008,true,Puce
432,37.578615,-122.103198,13,61,123,Mercury,Villager,2001,true,Violet
433,37.483849,-122.951446,16,53,184,Ford,Bronco II,1989,false,Puce
434,37.923106,-122.336044,16,82,108,Dodge,Ram 2500 Club,1999,true,Mauv
435,37.686646,-122.105394,12,91,190,Saturn,VUE,2006,true,Mauv
436,37.169655,-122.057938,5,83,169,Dodge,Grand Caravan,2006,false,Pink
437,37.812209,-122.706145,6,71,106,Nissan,300ZX,1995,true,Violet
438,37.201474,-122.402512,11,25,181,Mazda,B-Series Plus,1999,true,Red
439,37.062719,-122.865952,15,94,199,BMW,X5,2000,false,Violet
440,37.848181,-122.916865,1,43,117,Toyota,Prius,2005,true,Crimson
441,37.799388,-122.576662,4,20,110,Chevrolet,Impala SS,1995,true,Indigo
442,37.59277,-122.444957,12,51,176,BMW,7 Series,2012,false,Puce
443,37.132293,-122.007343,10,64,111,GMC,Savana 1500,2001,true,Pink
444,37.294249,-122.766569,10,85,157,Chevrolet,Prizm,1998,false,Mauv
445,37.916391,-122.938535,16,84,163,Lincoln,Town Car,2005,true,Goldenrod
446,37.799739,-122.42825,18,20,162,Oldsmobile,Silhouette,1993,true,Fuscia
447,37.415742,-122.849699,13,62,167,Chevrolet,Venture,1997,true,Khaki
448,37.465705,-122.860668,20,76,116,Ford,E150,2004,false,Puce
449,37.313116,-122.419912,11,85,124,Honda,Civic,1991,true,Teal
450,37.808083,-122.077159,8,70,180,Mercury,Sable,1991,false,Orange
451,37.277397,-122.826976,6,54,173,Pontiac,LeMans,1992,true,Pink
452,37.686523,-122.08946,13,74,127,Ford,F150,2004,false,Khaki
453,37.724218,-122.85137,3,38,179,Porsche,Cayenne,2010,false,Goldenrod
454,37.284902,-122.35907,3,88,121,Ferrari,612 Scaglietti,2010,false,Violet
455,37.093972,-122.139505,1,84,160,Mercury,Grand Marquis,1993,false,Yellow
456,37.840388,-122.905096,7,76,160,Mercedes-Benz,C-Class,2009,false,Teal
457,37.304341,-122.810881,16,44,191,Honda,Accord,2006,true,Pink
458,37.422537,-122.622717,15,86,111,Buick,Regal,1994,false,Puce
459,37.670714,-122.699742,12,87,194,Toyota,Sienna,2000,false,Goldenrod
460,37.734096,-122.321078,4,81,170,BMW,Z4,2009,true,Crimson
461,37.968277,-122.248969,13,66,178,Lincoln,Navigator,2009,false,Maroon
462,37.487884,-122.857158,2,30,141,Volkswagen,GLI,2009,false,Goldenrod
463,37.665537,-122.434915,6,21,139,Lotus,Evora,2010,false,Purple
464,37.123982,-122.036785,10,54,129,Ford,Freestar,2007,false,Turquoise
465,37.710062,-122.135329,20,65,161,Audi,A8,1998,true,Maroon
466,37.749952,-122.838894,15,97,170,Ford,Mustang,1985,true,Violet
467,37.022894,-122.771246,1,47,176,Chevrolet,Silverado 1500,1999,false,Green
468,37.068589,-122.379768,9,72,200,Volkswagen,GTI,2011,true,Pink
469,37.496166,-122.071233,7,40,120,GMC,Sierra 3500,2007,false,Pink
470,37.901441,-122.38774,9,21,156,Toyota,Sequoia,2003,true,Fuscia
471,37.9268,-122.609673,2,88,194,Mitsubishi,Endeavor,2004,true,Green
472,37.326965,-122.139246,15,24,136,Audi,A6,2007,true,Purple
473,37.352687,-122.978889,15,34,130,Infiniti,I,1996,true,Purple
474,37.615667,-122.114096,18,56,195,Suzuki,SJ,1994,false,Pink
475,37.460904,-122.169987,16,72,135,Toyota,Corolla,2000,false,Puce
476,37.958916,-122.620375,15,40,164,Land Rover,Range Rover,2000,true,Fuscia
477,37.94304,-122.983089,19,22,199,GMC,Savana 3500,2002,false,Indigo
478,37.258329,-122.041554,6,48,187,BMW,X6,2008,true,Mauv
479,37.802806,-122.815961,5,85,133,Infiniti,Q,1994,false,Maroon
480,37.897461,-122.959807,2,33,133,Chevrolet,Corvette,1956,false,Purple
481,37.929544,-122.50749,7,96,107,Plymouth,Acclaim,1993,true,Orange
482,37.272113,-122.08458,2,95,106,Mazda,Mazda3,2012,true,Mauv
483,37.876332,-122.461463,1,26,165,BMW,M5,2006,true,Goldenrod
484,37.646849,-122.160651,14,53,195,Chevrolet,Venture,2002,false,Puce
485,37.586813,-122.882234,17,57,116,Jaguar,XJ,2012,true,Pink
486,37.331885,-122.335192,13,38,149,GMC,Sierra 3500,2010,true,Purple
487,37.76382,-122.540587,10,63,146,GMC,Savana 1500,2001,true,Pink
488,37.111806,-122.186767,6,70,108,Chevrolet,3500,1995,true,Red
489,37.860182,-122.719519,5,83,121,BMW,550,2006,true,Goldenrod
490,37.549987,-122.24417,8,97,146,Hyundai,Scoupe,1993,false,Pink
491,37.166453,-122.378978,11,99,150,Pontiac,Vibe,2010,true,Red
492,37.520982,-122.142923,19,50,148,Mazda,Protege,1999,false,Purple
493,37.967289,-122.207197,3,67,152,Mercedes-Benz,500SL,1992,false,Mauv
494,37.615414,-122.094716,20,88,130,Chevrolet,Suburban 1500,2004,false,Mauv
495,37.155701,-122.591384,15,78,150,Jaguar,XK Series,2013,true,Blue
496,37.663889,-122.629929,4,46,116,Chevrolet,Impala,2010,true,Red
497,37.269043,-122.523765,4,42,163,Kia,Sorento,2005,false,Khaki
498,37.129457,-122.187909,14,41,109,Kia,Sedona,2002,false,Green
499,37.974811,-122.02985,2,63,131,Citroën,CX,1989,false,Violet
500,37.765597,-122.156129,3,21,173,Lincoln,Continental Mark VII,1991,true,Yellow
501,37.258664,-122.824273,7,37,171,Lexus,LX,2005,false,Mauv
502,37.698259,-122.687753,8,29,122,Pontiac,Sunbird,1993,true,Green
503,37.145585,-122.973169,17,22,109,Dodge,Ram 2500,2004,false,Teal
504,37.553424,-122.257876,3,45,148,Maserati,Quattroporte,2009,true,Yellow
505,37.515127,-122.46425,5,59,123,Nissan,Xterra,2004,true,Green
506,37.696153,-122.957963,1,74,123,Subaru,B9 Tribeca,2006,true,Fuscia
507,37.824535,-122.755832,9,62,108,GMC,Suburban 2500,1996,false,Indigo
508,37.291371,-122.157685,14,79,190,Ford,Focus,2013,true,Indigo
509,37.938756,-122.927068,19,32,129,Buick,Regal,1993,false,Orange
510,37.319679,-122.220114,9,86,116,Volkswagen,Golf,1991,true,Maroon
511,37.708436,-122.060275,10,67,200,Ford,Econoline E350,1999,false,Khaki
512,37.814585,-122.180537,3,78,181,Mercedes-Benz,SL-Class,2001,false,Fuscia
513,37.730584,-122.650579,16,79,173,Isuzu,Trooper,1996,true,Orange
514,37.366985,-122.088235,6,77,162,Oldsmobile,Bravada,1993,true,Purple
515,37.681569,-122.78987,3,35,176,GMC,Sierra 3500,2008,true,Pink
516,37.844105,-122.867714,15,87,145,Cadillac,Eldorado,1998,false,Teal
517,37.399907,-122.458886,15,96,165,Cadillac,Escalade,2007,true,Green
518,37.59635,-122.214103,10,82,143,Infiniti,Q,1993,false,Crimson
519,37.441254,-122.476568,16,39,185,Nissan,Armada,2009,false,Orange
520,37.799032,-122.726844,2,51,129,Eagle,Vision,1997,true,Violet
521,37.112989,-122.771855,18,76,170,Audi,S8,2002,true,Aquamarine
522,37.582366,-122.813311,10,86,112,BMW,5 Series,2006,false,Violet
523,37.566492,-122.932805,18,71,149,Ford,Ranger,2001,true,Crimson
524,37.768602,-122.491005,17,52,126,Volvo,S60,2005,true,Teal
525,37.276403,-122.76885,14,98,152,Ford,LTD,1985,true,Orange
526,37.118671,-122.655494,6,30,123,Toyota,Land Cruiser,2003,true,Blue
527,37.536042,-122.183926,12,50,195,Infiniti,I,1997,false,Mauv
528,37.491502,-122.236893,11,72,173,Pontiac,Bonneville,1965,false,Mauv
529,37.122821,-122.111013,15,39,122,Dodge,Dakota Club,2003,false,Yellow
530,37.150843,-122.140872,16,80,138,Chrysler,LeBaron,1995,false,Khaki
531,37.075018,-122.434373,7,70,163,GMC,Suburban 2500,1992,false,Puce
532,37.956262,-122.955969,5,50,152,Mitsubishi,Eclipse,2011,false,Pink
533,37.298212,-122.779639,3,49,124,Ford,Freestyle,2006,true,Pink
534,37.969998,-122.344402,11,37,135,GMC,Yukon,2013,false,Green
535,37.646932,-122.335647,11,44,195,Jeep,Compass,2011,false,Puce
536,37.781013,-122.468925,10,79,135,Eagle,Vision,1996,false,Teal
537,37.329352,-122.386848,1,62,159,BMW,X6 M,2012,false,Purple
538,37.062706,-122.805035,16,28,109,Chevrolet,Silverado 2500,2000,true,Orange
539,37.252155,-122.134996,13,30,171,Toyota,4Runner,1998,true,Maroon
540,37.627486,-122.928574,16,100,104,Nissan,Murano,2005,true,Khaki
541,37.720546,-122.265029,8,71,113,Mercury,Grand Marquis,1998,true,Violet
542,37.635847,-122.633846,18,34,196,Suzuki,Swift,1993,false,Puce
543,37.102648,-122.217564,2,61,101,Mazda,Protege5,2003,true,Violet
544,37.381316,-122.026058,13,36,120,Porsche,911,1997,false,Pink
545,37.763585,-122.462576,1,93,112,GMC,Sierra 3500,2008,true,Mauv
546,37.525167,-122.532867,20,79,153,Volvo,XC60,2009,false,Mauv
547,37.962721,-122.735803,15,91,107,Mazda,RX-8,2006,true,Khaki
548,37.737218,-122.359768,11,88,102,GMC,Savana 1500,2004,true,Aquamarine
549,37.07594,-122.184194,8,26,136,Suzuki,Vitara,2002,false,Violet
550,37.737808,-122.285759,8,52,188,Chevrolet,Malibu,2006,false,Indigo
551,37.971361,-122.100906,16,91,178,Buick,Park Avenue,1992,false,Puce
552,37.930048,-122.818191,7,94,162,Pontiac,Grand Prix,1984,false,Orange
553,37.286459,-122.865045,6,88,141,Lamborghini,Murciélago,2007,false,Maroon
554,37.543243,-122.407654,13,75,174,Hyundai,Elantra,2000,false,Aquamarine
555,37.843522,-122.572271,13,62,191,Shelby,GT500,1968,true,Mauv
556,37.571543,-122.661305,9,76,129,Audi,A6,2009,true,Turquoise
557,37.207634,-122.089646,5,78,118,Plymouth,Grand Voyager,1997,true,Crimson
558,37.965183,-122.685601,20,39,155,Saturn,L-Series,2000,true,Purple
559,37.347497,-122.872926,9,80,136,Mazda,Navajo,1993,false,Indigo
560,37.344022,-122.9825,8,98,181,Honda,Civic,2001,false,Goldenrod
561,37.489893,-122.322997,8,76,119,Hyundai,Accent,1995,false,Fuscia
562,37.43945,-122.399643,8,38,101,Buick,Skylark,1992,false,Khaki
563,37.936186,-122.012286,19,52,169,Hyundai,Tiburon,2009,true,Purple
564,37.100284,-122.117056,9,33,164,Ford,Edge,2012,true,Violet
565,37.334699,-122.361348,17,20,142,Saab,9000,1997,false,Turquoise
566,37.358139,-122.025222,3,94,151,Mitsubishi,Eclipse,1995,false,Teal
567,37.982634,-122.620354,1,20,120,Subaru,Forester,2006,false,Indigo
568,37.953436,-122.964753,13,87,127,Chevrolet,Equinox,2009,true,Goldenrod
569,37.570625,-122.027028,8,97,161,Chevrolet,HHR Panel,2006,false,Green
570,37.641862,-122.799605,6,20,114,GMC,Suburban 2500,1998,false,Pink
571,37.387789,-122.252388,15,94,100,Audi,Coupe GT,1985,true,Purple
572,37.143487,-122.278757,2,93,104,Saab,900,1988,false,Aquamarine
573,37.62448,-122.960208,9,48,145,Mercedes-Benz,300D,1992,true,Teal
574,37.553318,-122.390156,8,86,132,GMC,Sierra 1500,2000,false,Khaki
575,37.45729,-122.492197,1,69,200,Dodge,Ram 2500,1999,true,Blue
576,37.950558,-122.364396,11,89,194,Infiniti,J,1997,false,Orange
577,37.655777,-122.524667,8,74,140,Mazda,Mazdaspeed6,2006,false,Aquamarine
578,37.546161,-122.678929,3,64,188,Mercury,Grand Marquis,2000,false,Aquamarine
579,37.930337,-122.754446,15,93,126,Volkswagen,Jetta,1986,false,Maroon
580,37.804533,-122.341152,1,74,123,Ferrari,458 Italia,2010,true,Violet
581,37.372432,-122.562569,20,80,198,Ford,Laser,1988,true,Orange
582,37.801144,-122.064879,1,73,181,Mercedes-Benz,E-Class,1986,false,Crimson
583,37.223375,-122.513409,6,56,123,Oldsmobile,Achieva,1994,true,Puce
584,37.616046,-122.595471,11,99,184,Mitsubishi,Diamante,2000,false,Pink
585,37.586738,-122.456207,5,80,184,Mercedes-Benz,W201,1986,false,Green
586,37.129344,-122.84312,20,51,175,Volkswagen,Type 2,1987,false,Orange
587,37.717005,-122.274874,18,44,157,Nissan,GT-R,2009,true,Violet
588,37.869743,-122.885805,17,47,138,Land Rover,Range Rover,2006,false,Orange
589,37.326946,-122.437433,3,82,180,Lincoln,Continental Mark VII,1991,true,Khaki
590,37.525935,-122.136121,13,99,185,Volvo,S80,1999,true,Pink
591,37.42697,-122.075963,17,85,116,Lexus,RX,2009,false,Blue
592,37.503339,-122.055509,14,52,175,Chevrolet,1500,1992,false,Aquamarine
593,37.509378,-122.751262,19,25,196,Pontiac,Grand Am,2004,true,Indigo
594,37.530483,-122.888939,18,29,129,Volvo,V70,2004,true,Goldenrod
595,37.630897,-122.595888,10,38,102,Volvo,V70,2004,true,Goldenrod
596,37.393566,-122.050358,14,35,122,Ford,Escort,2001,false,Maroon
597,37.626939,-122.370501,12,79,138,Mercedes-Benz,C-Class,2010,false,Goldenrod
598,37.81428,-122.172026,9,28,121,Oldsmobile,Cutlass Supreme,1994,true,Blue
599,37.05832,-122.438245,4,74,157,Chevrolet,Venture,1999,false,Pink
600,37.033096,-122.340243,6,71,147,Volkswagen,Jetta,2002,true,Mauv
601,37.932924,-122.907435,9,72,135,Ford,F150,2000,true,Aquamarine
602,37.844755,-122.629044,17,65,136,Lexus,LX,1996,false,Violet
603,37.616569,-122.017076,16,91,192,Ford,Courier,1987,false,Crimson
604,37.715765,-122.733699,12,77,188,Plymouth,Breeze,2000,false,Aquamarine
605,37.118118,-122.201342,6,73,125,Toyota,Camry,2002,true,Yellow
606,37.923621,-122.475466,16,20,132,Cadillac,Seville,1995,false,Maroon
607,37.853792,-122.110482,9,22,156,Nissan,JUKE,2012,false,Indigo
608,37.800732,-122.490382,10,39,165,Mazda,RX-7,1985,false,Indigo
609,37.138582,-122.353699,19,90,171,Oldsmobile,Achieva,1992,true,Teal
610,37.645318,-122.179871,15,37,142,Land Rover,Range Rover Classic,1993,true,Pink
611,37.708202,-122.765537,14,44,103,Chevrolet,Suburban,2009,false,Orange
612,37.004904,-122.486749,8,32,137,GMC,Vandura 1500,1994,false,Violet
613,37.117761,-122.356215,4,79,139,Subaru,Impreza,1998,true,Violet
614,37.633561,-122.702387,18,72,176,Pontiac,6000,1990,true,Pink
615,37.372511,-122.970374,5,93,188,Volvo,XC60,2012,true,Purple
616,37.413933,-122.416117,2,70,130,Dodge,Ram 3500,2004,false,Pink
617,37.551282,-122.688987,20,26,147,Mitsubishi,Endeavor,2008,true,Maroon
618,37.415469,-122.789699,17,76,149,Oldsmobile,Bravada,1993,false,Turquoise
619,37.942373,-122.80371,6,70,179,Lincoln,Continental Mark VII,1992,false,Aquamarine
620,37.399048,-122.057993,13,20,193,Maserati,228,1989,false,Khaki
621,37.157474,-122.602827,3,66,109,Subaru,BRZ,2013,true,Orange
622,37.930274,-122.589861,2,96,122,Chevrolet,Express 3500,1999,false,Purple
623,37.475802,-122.871366,9,48,192,Audi,5000S,1985,true,Mauv
624,37.593343,-122.306602,11,99,128,Nissan,Quest,2006,false,Turquoise
625,37.796212,-122.694177,13,41,138,Toyota,Previa,1991,false,Violet
626,37.552217,-122.606273,3,50,131,Suzuki,Swift,1996,false,Orange
627,37.89101,-122.972764,12,30,115,Chevrolet,APV,1993,false,Orange
628,37.632283,-122.399761,9,75,131,Plymouth,Voyager,1997,true,Aquamarine
629,37.981548,-122.794937,7,50,126,Oldsmobile,Aurora,1997,false,Red
630,37.369211,-122.389288,20,70,190,Hyundai,Santa Fe,2005,false,Fuscia
631,37.967703,-122.510673,4,49,131,Lincoln,Continental,1985,true,Maroon
632,37.292276,-122.139293,18,63,162,Chrysler,PT Cruiser,2007,false,Crimson
633,37.898444,-122.616978,9,96,102,Acura,ZDX,2012,true,Fuscia
634,37.3408,-122.016509,17,59,127,Acura,TL,2005,true,Teal
635,37.681209,-122.59826,1,35,139,Ford,F150,2001,false,Puce
636,37.035102,-122.633659,18,35,113,GMC,Savana,2012,true,Maroon
637,37.03851,-122.235533,9,59,105,Audi,A7,2012,true,Turquoise
638,37.686668,-122.919925,2,38,111,GMC,Sonoma,1994,true,Blue
639,37.346935,-122.954804,7,86,141,Jeep,Patriot,2012,true,Mauv
640,37.616361,-122.992889,1,50,199,Chevrolet,Corsica,1996,false,Purple
641,37.761565,-122.098931,1,30,134,Nissan,Titan,2006,false,Goldenrod
642,37.337891,-122.002011,6,21,152,Volvo,850,1996,true,Maroon
643,37.019331,-122.671359,15,76,127,Pontiac,Aztek,2002,true,Red
644,37.06441,-122.233811,2,72,155,Honda,Accord,2003,true,Yellow
645,37.906604,-122.594173,3,93,170,Volkswagen,Touareg,2006,true,Violet
646,37.48794,-122.474032,10,80,108,Ferrari,FF,2012,true,Turquoise
647,37.401459,-122.209885,11,90,189,Toyota,MR2,2002,false,Indigo
648,37.467998,-122.584167,13,93,179,Ford,Mustang,1964,false,Mauv
649,37.912813,-122.157015,20,54,187,Ford,GT500,2008,true,Puce
650,37.534151,-122.186079,1,47,127,Dodge,Ram Wagon B350,1994,true,Blue
651,37.21566,-122.191844,13,92,140,Acura,RDX,2010,false,Maroon
652,37.888595,-122.599449,3,57,105,Acura,TL,2006,true,Fuscia
653,37.983819,-122.145271,16,54,111,Volkswagen,GTI,1989,false,Pink
654,37.434616,-122.789575,19,61,138,Acura,RL,2011,true,Fuscia
655,37.31407,-122.218312,17,57,197,Mercedes-Benz,SL-Class,1993,false,Aquamarine
656,37.389029,-122.183118,16,66,119,Kia,Sedona,2003,false,Aquamarine
657,37.950183,-122.958548,9,55,101,Nissan,Cube,2012,false,Khaki
658,37.602364,-122.537159,7,85,168,Ford,Taurus,1998,true,Yellow
659,37.138935,-122.932166,13,63,173,Jeep,Grand Cherokee,2003,false,Aquamarine
660,37.170496,-122.19436,12,24,104,Chevrolet,Silverado 2500,2007,false,Purple
661,37.196631,-122.925437,6,41,181,Nissan,Pathfinder,1993,true,Violet
662,37.661128,-122.669758,16,32,183,Mitsubishi,Endeavor,2004,true,Mauv
663,37.964119,-122.338065,13,82,121,Chevrolet,Silverado 3500,2005,true,Orange
664,37.369317,-122.160114,7,27,145,Ram,1500,2011,false,Crimson
665,37.274436,-122.114092,10,24,127,Chrysler,300M,2004,false,Indigo
666,37.90821,-122.942169,13,68,105,Jeep,Liberty,2012,false,Orange
667,37.708097,-122.249228,13,46,148,Subaru,Outback,2000,true,Goldenrod
668,37.288796,-122.47201,2,56,109,Scion,xD,2011,true,Puce
669,37.199338,-122.375548,9,77,180,Ford,F-Series,2011,false,Orange
670,37.424365,-122.991497,12,75,111,Mazda,Mazda2,2012,true,Violet
671,37.288358,-122.305522,4,52,126,Chevrolet,Tracker,2000,true,Pink
672,37.580513,-122.650713,8,64,146,Honda,Civic Si,2003,true,Goldenrod
673,37.432505,-122.655719,4,65,176,Mercury,Cougar,1984,false,Maroon
674,37.029319,-122.679315,16,80,194,Suzuki,SJ,1989,true,Red
675,37.118228,-122.598593,5,37,115,Chevrolet,Impala,2003,true,Turquoise
676,37.100948,-122.710168,18,21,110,Mazda,MX-5,2000,true,Red
677,37.532372,-122.263733,9,33,125,GMC,Envoy,2005,false,Blue
678,37.252237,-122.762921,16,44,175,Infiniti,J,1997,false,Green
679,37.720363,-122.223008,16,39,147,Mercury,Tracer,1993,true,Puce
680,37.682517,-122.298292,8,26,134,Jaguar,XK Series,2004,false,Fuscia
681,37.991482,-122.811409,17,93,190,BMW,5 Series,1995,true,Indigo
682,37.444809,-122.425884,13,45,145,Lamborghini,Diablo,1999,true,Blue
683,37.571122,-122.024991,9,58,168,Honda,del Sol,1997,true,Purple
684,37.082437,-122.365952,11,71,155,Ford,Aspire,1994,false,Turquoise
685,37.576623,-122.516818,17,81,131,Suzuki,SX4,2007,false,Fuscia
686,37.186942,-122.015836,18,29,164,Volkswagen,Jetta,2009,false,Blue
687,37.72412,-122.429976,3,57,137,Buick,LeSabre,1991,false,Fuscia
688,37.438726,-122.025119,19,26,120,Mercedes-Benz,R-Class,2010,true,Red
689,37.181969,-122.058391,18,52,168,Mercury,Mystique,1999,false,Blue
690,37.962781,-122.915596,6,49,122,Chevrolet,Caprice,1992,true,Turquoise
691,37.982488,-122.987231,2,57,134,Mitsubishi,3000GT,1998,false,Puce
692,37.912485,-122.595761,13,70,103,Oldsmobile,Achieva,1996,true,Mauv
693,37.481876,-122.004975,8,82,118,Cadillac,STS,2007,true,Puce
694,37.283126,-122.499158,18,95,190,Chevrolet,S10,1996,false,Indigo
695,37.213767,-122.212631,11,91,144,Lexus,GS,1993,false,Crimson
696,37.530081,-122.13279,19,30,138,Nissan,Quest,1995,true,Green
697,37.468459,-122.998362,15,100,186,Honda,Insight,2006,false,Maroon
698,37.863507,-122.123648,1,53,175,Pontiac,Solstice,2008,true,Red
699,37.216314,-122.78543,8,40,161,Volvo,C30,2013,false,Puce
700,37.007168,-122.59897,7,87,130,BMW,5 Series,2002,true,Violet
701,37.23119,-122.901172,3,34,199,Honda,S2000,2007,true,Turquoise
702,37.969168,-122.71231,5,62,197,BMW,7 Series,2003,false,Indigo
703,37.902442,-122.559738,1,71,111,Oldsmobile,Bravada,2002,true,Goldenrod
704,37.280193,-122.436008,8,40,145,Chevrolet,G-Series G10,1994,true,Pink
705,37.907992,-122.347875,14,94,147,Cadillac,DTS,2010,false,Mauv
706,37.079905,-122.861662,10,90,198,Isuzu,i-370,2007,true,Violet
707,37.850204,-122.768561,19,60,137,Mazda,Mazda5,2009,true,Mauv
708,37.973864,-122.18419,19,61,156,Mercedes-Benz,E-Class,2004,false,Green
709,37.902685,-122.499633,13,84,117,Dodge,Ram 3500,2005,true,Blue
710,37.726302,-122.274591,1,57,167,Subaru,Outback Sport,2002,true,Turquoise
711,37.187242,-122.435018,4,82,172,Ferrari,F430,2007,true,Aquamarine
712,37.683879,-122.366934,10,70,118,Volkswagen,rio,1997,true,Mauv
713,37.742933,-122.050559,5,89,109,Ford,Mustang,1997,true,Pink
714,37.444316,-122.022115,20,58,195,Oldsmobile,Aurora,2002,true,Puce
715,37.815106,-122.672136,1,35,160,Ford,Flex,2013,false,Purple
716,37.005887,-122.606933,11,94,162,GMC,Safari,1994,true,Pink
717,37.29324,-122.874763,15,62,194,Mazda,MPV,1991,false,Violet
718,37.391031,-122.320571,8,55,156,Chevrolet,2500,2000,true,Fuscia
719,37.422368,-122.082507,20,86,191,Toyota,Avalon,2005,false,Orange
720,37.994465,-122.284274,16,53,114,BMW,M3,1995,false,Mauv
721,37.83029,-122.046483,19,36,177,Volkswagen,Passat,1994,true,Mauv
722,37.389284,-122.317012,14,46,199,Lexus,IS,2006,false,Blue
723,37.048655,-122.254414,7,33,100,Chevrolet,Express 2500,1999,false,Crimson
724,37.271115,-122.17809,9,67,184,Mazda,B-Series,1991,false,Turquoise
725,37.117545,-122.314196,5,61,188,Isuzu,Ascender,2007,false,Fuscia
726,37.340583,-122.50517,6,60,188,Infiniti,QX56,2012,false,Puce
727,37.422996,-122.223949,13,66,100,Toyota,Avalon,2008,false,Mauv
728,37.913511,-122.211858,15,24,129,Suzuki,Aerio,2007,true,Fuscia
729,37.791076,-122.515546,8,52,153,Subaru,Impreza,2009,true,Mauv
730,37.260116,-122.350448,6,60,115,Jaguar,XJ Series,2001,false,Pink
731,37.832212,-122.162291,3,26,102,Mitsubishi,Diamante,2000,false,Khaki
732,37.235909,-122.884978,12,28,170,Infiniti,G,1996,true,Blue
733,37.280945,-122.468691,14,83,135,Suzuki,Vitara,2004,false,Teal
734,37.516456,-122.737376,10,88,110,Lotus,Esprit,1994,false,Pink
735,37.896583,-122.856705,6,21,138,Chevrolet,Suburban,2009,false,Goldenrod
736,37.567483,-122.566458,7,39,123,Oldsmobile,Silhouette,1993,false,Violet
737,37.623408,-122.588816,11,58,103,Toyota,Sequoia,2010,true,Green
738,37.308127,-122.559771,2,80,200,Audi,Cabriolet,1997,false,Purple
739,37.953776,-122.570508,3,89,100,Buick,Park Avenue,2002,false,Blue
740,37.294481,-122.632276,9,51,127,Lamborghini,Countach,1985,true,Turquoise
741,37.251679,-122.009757,12,26,124,Buick,LeSabre,1995,false,Goldenrod
742,37.042594,-122.153622,10,60,139,Chevrolet,Cavalier,1995,false,Fuscia
743,37.571549,-122.715074,7,54,117,Chrysler,Pacifica,2007,false,Aquamarine
744,37.385517,-122.648243,18,42,104,Hyundai,Elantra,2004,false,Indigo
745,37.458698,-122.970368,17,22,129,Buick,Century,1991,true,Puce
746,37.150181,-122.144862,13,74,181,Mercedes-Benz,M-Class,2011,true,Mauv
747,37.295295,-122.993083,5,20,199,Pontiac,Firebird,1994,false,Green
748,37.081376,-122.135828,20,81,178,Lexus,GS,1999,false,Crimson
749,37.24424,-122.228442,1,76,105,Eagle,Talon,1993,false,Maroon
750,37.75083,-122.968672,14,22,167,Infiniti,G,2008,true,Violet
751,37.297364,-122.916676,7,39,166,Ford,LTD Crown Victoria,1993,true,Crimson
752,37.47062,-122.432632,18,56,152,Lexus,ES,1992,true,Blue
753,37.629984,-122.753518,19,70,101,Saab,9-5,2004,true,Indigo
754,37.079765,-122.808924,6,26,159,Subaru,Forester,2006,true,Yellow
755,37.193765,-122.836644,11,90,193,Nissan,Versa,2008,true,Mauv
756,37.47088,-122.948247,11,61,140,Mercedes-Benz,500SEL,1993,true,Pink
757,37.745372,-122.654447,9,90,158,BMW,Z3,2002,false,Khaki
758,37.201283,-122.342062,3,83,143,Pontiac,Grand Prix,1977,false,Green
759,37.611966,-122.146544,4,78,199,Mitsubishi,Challenger,1997,false,Fuscia
760,37.253152,-122.095993,15,62,166,Mercury,Mariner,2009,true,Red
761,37.122048,-122.496902,18,29,165,BMW,X5 M,2013,false,Fuscia
762,37.524054,-122.298043,12,69,115,Toyota,Tacoma,1999,true,Orange
763,37.191173,-122.795884,7,94,146,Dodge,Ram 2500,2010,false,Aquamarine
764,37.622742,-122.772227,2,29,155,BMW,X3,2006,true,Purple
765,37.459205,-122.750076,5,81,190,Audi,TT,2006,false,Mauv
766,37.024742,-122.991456,17,75,200,Ford,F150,1984,true,Red
767,37.753632,-122.85671,12,27,141,Infiniti,Q,1995,true,Purple
768,37.665718,-122.254784,13,74,180,GMC,Yukon,2012,true,Turquoise
769,37.700269,-122.520927,4,22,195,Ford,Mustang,2008,false,Fuscia
770,37.244472,-122.272572,6,77,164,Ford,F350,1999,false,Green
771,37.497756,-122.65049,12,48,121,Ford,F-Series Super Duty,2012,false,Fuscia
772,37.777334,-122.661073,4,97,117,Ford,F350,2002,true,Crimson
773,37.812269,-122.517746,5,24,184,Pontiac,Grand Am,1989,false,Crimson
774,37.115544,-122.066121,19,85,139,Chevrolet,Monte Carlo,2002,true,Maroon
775,37.243084,-122.313844,19,41,120,Ford,Escort,1987,true,Fuscia
776,37.845553,-122.407746,9,81,128,GMC,Rally Wagon 2500,1994,true,Purple
777,37.714083,-122.599953,14,21,181,Chevrolet,Express 2500,2008,false,Pink
778,37.985463,-122.09118,11,22,154,Honda,S2000,2000,false,Blue
779,37.695609,-122.963097,19,26,183,Toyota,Camry,2011,false,Pink
780,37.360046,-122.073366,20,88,197,Dodge,Ram 3500,1997,true,Crimson
781,37.149685,-122.29039,14,54,175,BMW,M,2002,false,Khaki
782,37.208949,-122.835144,2,24,175,Oldsmobile,Bravada,2000,true,Aquamarine
783,37.730753,-122.329416,5,25,193,Chevrolet,Monte Carlo,2005,false,Khaki
784,37.531355,-122.535331,14,72,112,Chevrolet,Cavalier,1997,false,Khaki
785,37.565204,-122.39367,1,25,117,Lexus,GS,2003,false,Crimson
786,37.259782,-122.037322,8,79,181,Audi,A6,2007,false,Teal
787,37.279155,-122.629739,15,70,172,Lotus,Esprit,1989,false,Green
788,37.280247,-122.968044,5,26,187,Mercedes-Benz,C-Class,2006,true,Pink
789,37.592907,-122.317822,8,29,114,Mercury,Mountaineer,2000,true,Purple
790,37.877771,-122.723674,12,29,120,Nissan,Maxima,1999,true,Turquoise
791,37.591754,-122.584839,6,38,114,Alfa Romeo,Spider,1994,true,Fuscia
792,37.509313,-122.351611,8,88,161,Ford,Probe,1992,true,Aquamarine
793,37.113174,-122.685633,9,30,149,Toyota,Avalon,2005,true,Purple
794,37.691008,-122.321858,16,21,126,Volkswagen,Golf,1989,true,Purple
795,37.141985,-122.723327,6,85,149,Nissan,Versa,2012,true,Teal
796,37.67549,-122.780725,7,40,194,Mazda,RX-7,1986,false,Goldenrod
797,37.360108,-122.486559,7,75,184,BMW,545,2005,true,Indigo
798,37.311274,-122.537211,10,32,142,Lincoln,MKZ,2012,true,Aquamarine
799,37.154193,-122.005661,17,88,114,Saab,9-3,2000,false,Yellow
800,37.695979,-122.864342,17,97,119,Pontiac,1000,1985,false,Turquoise
801,37.503675,-122.615535,5,49,160,Ford,F-Series,2004,false,Turquoise
802,37.834066,-122.006695,18,58,126,Lotus,Esprit,1997,false,Purple
803,37.823682,-122.386579,14,36,126,Infiniti,G,1996,false,Mauv
804,37.665021,-122.717554,17,33,119,Dodge,Ram 2500,2006,true,Crimson
805,37.701769,-122.069806,4,67,132,Chevrolet,Express 2500,2008,false,Pink
806,37.796774,-122.873007,9,92,100,Pontiac,1000,1986,false,Red
807,37.259144,-122.353478,7,97,184,Bentley,Mulsanne,2011,true,Turquoise
808,37.440055,-122.179322,13,43,128,Subaru,Outback,2006,false,Red
809,37.784434,-122.23984,2,24,134,Volkswagen,GTI,1999,true,Aquamarine
810,37.476079,-122.622047,12,60,177,Lincoln,Zephyr,2006,true,Indigo
811,37.743907,-122.365609,17,51,137,Dodge,Durango,2004,false,Indigo
812,37.63473,-122.787568,5,40,177,Audi,4000s Quattro,1986,true,Turquoise
813,37.53344,-122.099061,12,66,114,Dodge,Charger,2009,false,Khaki
814,37.351366,-122.608979,16,48,141,Subaru,Legacy,1990,true,Aquamarine
815,37.740434,-122.806572,7,32,194,Plymouth,Neon,2000,false,Maroon
816,37.605656,-122.484287,7,24,130,Mercedes-Benz,E-Class,1987,false,Orange
817,37.069902,-122.344336,17,43,133,Infiniti,G,1993,false,Purple
818,37.614769,-122.39967,13,93,111,Mitsubishi,Galant,1996,false,Turquoise
819,37.751644,-122.622502,7,36,107,Chrysler,LHS,1996,false,Puce
820,37.58203,-122.786952,17,29,160,GMC,Sierra 2500,2000,true,Red
821,37.715536,-122.701641,10,59,195,Jeep,Wrangler,2003,true,Crimson
822,37.420027,-122.59323,19,65,133,BMW,Z4,2008,false,Teal
823,37.524317,-122.017652,11,78,100,Cadillac,CTS,2004,false,Maroon
824,37.693451,-122.412049,17,34,129,Chevrolet,Suburban 1500,1994,true,Turquoise
825,37.476694,-122.871748,10,63,200,Toyota,Truck Xtracab SR5,1989,true,Crimson
826,37.31774,-122.012475,10,90,197,Spyker,C8,2007,true,Crimson
827,37.685581,-122.31825,17,86,143,Jeep,Grand Cherokee,2008,false,Puce
828,37.630029,-122.332502,18,53,186,Chevrolet,Silverado 2500,2010,true,Green
829,37.648824,-122.566931,14,59,124,Ferrari,612 Scaglietti,2007,false,Red
830,37.728683,-122.773322,9,71,110,Kia,Sportage,2012,false,Green
831,37.421981,-122.835231,13,25,118,Mitsubishi,Challenger,2004,false,Indigo
832,37.585353,-122.855439,16,68,108,Pontiac,Fiero,1988,false,Violet
833,37.879104,-122.008023,9,33,150,Bentley,Continental,2008,true,Red
834,37.87432,-122.136734,17,39,195,Ford,Explorer,2003,true,Goldenrod
835,37.275498,-122.93124,5,69,200,Geo,Tracker,1996,true,Goldenrod
836,37.671825,-122.179906,1,44,100,Mercury,Mariner,2005,false,Fuscia
837,37.498231,-122.329216,9,94,164,Mazda,626,1997,false,Teal
838,37.736588,-122.896809,9,71,107,Mazda,Navajo,1992,false,Fuscia
839,37.412643,-122.893274,3,35,171,Toyota,Solara,2007,false,Goldenrod
840,37.23796,-122.118171,19,69,116,Toyota,Previa,1994,false,Teal
841,37.327853,-122.379327,2,80,181,Chevrolet,Corvette,2011,true,Teal
842,37.254189,-122.407195,8,87,168,Mazda,Millenia,2001,true,Maroon
843,37.097664,-122.413514,7,100,101,Subaru,Legacy,2007,true,Yellow
844,37.046854,-122.531588,10,59,177,Ford,F-Series,1985,false,Red
845,37.556732,-122.278479,7,24,174,Bentley,Azure,2007,false,Crimson
846,37.132733,-122.192252,5,53,149,Infiniti,G37,2011,false,Purple
847,37.419548,-122.976477,12,52,143,Suzuki,Vitara,2003,true,Blue
848,37.98134,-122.083828,4,51,102,Honda,Civic,1995,true,Red
849,37.791833,-122.438746,13,84,173,Ford,Escort,1992,true,Khaki
850,37.021026,-122.566769,6,43,150,Pontiac,Grand Prix,1992,true,Maroon
851,37.44714,-122.456334,19,60,185,Mercedes-Benz,E-Class,1987,true,Puce
852,37.547907,-122.61781,14,58,185,Hyundai,Scoupe,1993,false,Khaki
853,37.644137,-122.100578,18,68,137,Eagle,Summit,1996,true,Puce
854,37.502853,-122.383508,12,90,112,Ford,Expedition,2002,true,Khaki
855,37.177997,-122.774893,11,61,179,Dodge,Neon,1996,false,Orange
856,37.749034,-122.179877,12,30,135,Suzuki,Swift,1998,false,Yellow
857,37.619128,-122.052435,7,31,133,Audi,S8,2001,false,Maroon
858,37.918095,-122.135718,9,57,101,Suzuki,Equator,2010,false,Maroon
859,37.718863,-122.338618,2,66,107,Mazda,CX-7,2008,false,Pink
860,37.491221,-122.403082,9,31,102,Lexus,RX,2010,true,Puce
861,37.183845,-122.799767,14,22,156,Dodge,Dakota,2011,true,Indigo
862,37.186724,-122.540985,10,84,135,GMC,Suburban 1500,1994,false,Mauv
863,37.384679,-122.363833,10,82,175,Dodge,Challenger,2012,true,Yellow
864,37.786647,-122.866468,14,25,123,Kia,Optima,2004,true,Indigo
865,37.618702,-122.574346,20,82,159,Mazda,MX-5,2006,true,Orange
866,37.829091,-122.906769,2,28,117,Lexus,LX,2001,true,Teal
867,37.502789,-122.420153,17,77,162,Chevrolet,Corvette,1992,false,Pink
868,37.356022,-122.760636,19,52,139,Chevrolet,Aveo,2009,true,Yellow
869,37.686468,-122.461936,12,61,159,Chevrolet,Cavalier,2003,false,Green
870,37.287157,-122.97175,10,79,181,Maybach,62,2008,false,Pink
871,37.56751,-122.93252,3,93,133,Bentley,Continental GT,2009,false,Green
872,37.805642,-122.527682,8,22,189,MINI,Cooper Countryman,2011,true,Yellow
873,37.143406,-122.348226,10,94,158,Audi,A6,1998,true,Orange
874,37.244086,-122.509959,8,64,101,Dodge,Ram Van B250,1992,true,Teal
875,37.963925,-122.616988,3,89,115,Land Rover,Range Rover Sport,2009,false,Purple
876,37.442345,-122.588383,5,68,104,Buick,Park Avenue,1991,true,Aquamarine
877,37.423265,-122.703128,11,60,200,Buick,Skylark,1986,false,Green
878,37.996233,-122.831081,5,89,127,Chevrolet,Express 3500,2009,true,Goldenrod
879,37.622796,-122.272772,12,62,101,Ford,Mustang,1987,false,Indigo
880,37.869887,-122.032305,10,59,142,BMW,X6,2010,false,Violet
881,37.178858,-122.828611,20,21,196,Mercury,Mountaineer,2002,true,Yellow
882,37.147216,-122.636977,3,72,121,Mercury,Milan,2006,false,Mauv
883,37.743714,-122.826506,10,31,129,Lexus,CT,2011,true,Khaki
884,37.333521,-122.747694,20,98,178,Jeep,Commander,2006,true,Indigo
885,37.777854,-122.082599,6,86,104,Pontiac,Sunfire,2000,false,Khaki
886,37.325675,-122.572503,20,81,102,Chrysler,Imperial,1992,true,Mauv
887,37.49668,-122.278574,10,76,133,Mercury,Grand Marquis,2006,true,Fuscia
888,37.356779,-122.699366,19,77,147,Chevrolet,Corvette,1992,false,Crimson
889,37.030975,-122.705987,11,35,187,GMC,Sierra 2500,2004,false,Fuscia
890,37.170951,-122.705507,6,100,157,Volkswagen,GTI,1991,true,Mauv
891,37.918345,-122.767073,5,21,110,Pontiac,Bonneville,1967,true,Red
892,37.096962,-122.096933,6,53,182,Dodge,Durango,2011,true,Purple
893,37.902519,-122.255432,15,33,101,Infiniti,FX,2007,false,Maroon
894,37.296346,-122.838442,10,55,164,GMC,Sonoma,1999,true,Purple
895,37.61682,-122.68346,17,64,181,Ford,F150,1996,true,Yellow
896,37.053808,-122.173848,6,60,126,Dodge,Grand Caravan,1993,true,Fuscia
897,37.750941,-122.211886,8,22,104,Toyota,Matrix,2003,false,Orange
898,37.083144,-122.862969,4,39,146,Chevrolet,Silverado 1500,2000,true,Turquoise
899,37.893469,-122.066242,14,59,180,Suzuki,Verona,2006,true,Pink
900,37.137113,-122.67175,11,30,100,Lexus,LS,2002,false,Mauv
901,37.309733,-122.42852,1,81,158,Ford,Ranger,2006,false,Teal
902,37.987988,-122.353539,9,77,133,Toyota,Land Cruiser,2008,false,Teal
903,37.010229,-122.136872,12,97,109,Mazda,MX-5,2003,true,Green
904,37.261399,-122.940865,19,80,182,Mercury,Tracer,1998,true,Fuscia
905,37.056069,-122.283263,10,36,184,Dodge,Ram 50,1992,false,Violet
906,37.010289,-122.641663,17,75,152,Acura,RDX,2011,true,Khaki
907,37.43604,-122.81552,11,45,175,Mazda,B-Series,2006,true,Pink
908,37.388656,-122.729351,5,40,194,Ford,Ranger,1984,true,Turquoise
909,37.763503,-122.144793,6,30,129,Oldsmobile,Achieva,1994,false,Maroon
910,37.62979,-122.381994,2,60,156,Lexus,LX,2002,false,Purple
911,37.686378,-122.551145,7,33,105,Buick,Regal,1997,false,Goldenrod
912,37.569943,-122.878918,16,95,149,Dodge,Ram 2500,2000,false,Green
913,37.178312,-122.105073,20,86,104,Acura,Integra,1996,true,Violet
914,37.306014,-122.090227,20,83,125,Suzuki,Verona,2005,false,Blue
915,37.221033,-122.524156,15,65,197,Jeep,Wrangler,1999,false,Green
916,37.525013,-122.493392,17,69,114,Audi,A4,2007,false,Mauv
917,37.730649,-122.136499,20,72,155,Honda,Pilot,2009,false,Aquamarine
918,37.011858,-122.542592,12,53,193,GMC,3500 Club Coupe,1995,false,Puce
919,37.498874,-122.790847,12,94,151,Ford,Laser,1986,false,Red
920,37.193811,-122.389351,15,67,122,Buick,Reatta,1989,false,Green
921,37.203597,-122.563294,1,89,158,Mitsubishi,Galant,1993,false,Mauv
922,37.709841,-122.258308,5,96,183,Chevrolet,Avalanche 1500,2004,true,Goldenrod
923,37.147168,-122.44518,1,72,200,Pontiac,LeMans,1965,true,Red
924,37.450525,-122.075707,16,72,198,Chevrolet,3500,2000,false,Orange
925,37.86131,-122.261822,20,86,188,Dodge,Dakota Club,1996,false,Indigo
926,37.083279,-122.163714,8,99,144,Subaru,Outback,2012,false,Maroon
927,37.030684,-122.044674,3,62,132,Volkswagen,Passat,1991,false,Turquoise
928,37.792544,-122.584071,5,88,172,Mazda,MX-5,2007,false,Green
929,37.42638,-122.878787,13,77,177,Chrysler,LeBaron,1993,true,Indigo
930,37.157619,-122.597676,5,55,149,Cadillac,Fleetwood,1994,true,Purple
931,37.194691,-122.858879,8,20,113,BMW,325,2005,false,Blue
932,37.209779,-122.056101,13,70,184,Mitsubishi,GTO,1995,true,Goldenrod
933,37.033342,-122.094029,4,64,110,Mercury,Cougar,1987,false,Teal
934,37.593622,-122.741915,12,99,105,Pontiac,Chevette,1987,true,Khaki
935,37.950069,-122.009014,12,80,151,Toyota,Corolla,1998,false,Crimson
936,37.095574,-122.889224,5,56,108,Plymouth,Acclaim,1995,true,Green
937,37.861121,-122.065232,5,80,149,Cadillac,DeVille,1999,true,Aquamarine
938,37.804187,-122.113821,19,65,194,Ford,Focus,2013,false,Teal
939,37.908044,-122.621518,20,85,120,Chevrolet,Lumina,2001,false,Aquamarine
940,37.27962,-122.614213,16,50,186,Nissan,Armada,2012,false,Violet
941,37.599742,-122.507302,19,98,197,Dodge,D350,1993,true,Indigo
942,37.99896,-122.309352,1,24,141,Honda,S2000,2002,false,Violet
943,37.875408,-122.831759,1,40,146,Isuzu,Hombre Space,1997,false,Goldenrod
944,37.368996,-122.410661,1,61,100,Ford,F-Series,2006,true,Fuscia
945,37.687495,-122.383102,12,47,148,Mitsubishi,RVR,1993,true,Indigo
946,37.72623,-122.918702,10,56,106,Lexus,IS,2010,true,Aquamarine
947,37.789098,-122.542757,15,58,148,Volvo,S40,2004,false,Khaki
948,37.086873,-122.814167,3,68,178,Pontiac,Trans Sport,1992,false,Puce
949,37.338153,-122.510762,9,78,185,Dodge,Ram 1500,2005,false,Orange
950,37.327718,-122.227963,2,44,122,Lexus,LS,1991,false,Violet
951,37.431535,-122.367684,2,61,156,Hyundai,Tiburon,2003,false,Crimson
952,37.822093,-122.362775,4,55,134,Lamborghini,Diablo,1998,true,Blue
953,37.86267,-122.312196,11,24,182,Ford,LTD Crown Victoria,1987,false,Blue
954,37.031604,-122.323234,12,66,122,Cadillac,STS,2008,true,Violet
955,37.766898,-122.9694,12,100,191,Ford,Focus,2001,true,Maroon
956,37.056497,-122.16331,8,91,107,Kia,Sephia,2000,false,Maroon
957,37.97801,-122.124456,4,36,137,Dodge,Intrepid,2004,false,Indigo
958,37.099522,-122.527872,8,46,121,Ford,Ranger,1990,true,Green
959,37.568766,-122.557409,15,62,108,Kia,Mohave/Borrego,2009,false,Violet
960,37.147336,-122.334513,12,71,128,Toyota,Sienna,2010,true,Teal
961,37.404589,-122.720514,5,79,171,Cadillac,DeVille,1999,true,Violet
962,37.381136,-122.42594,12,65,130,Infiniti,M,2004,true,Mauv
963,37.025247,-122.564626,1,96,123,Chevrolet,Camaro,1975,true,Puce
964,37.730483,-122.794923,8,27,167,Corbin,Sparrow,1999,false,Aquamarine
965,37.681721,-122.621177,2,61,128,Chevrolet,Suburban 2500,1996,false,Blue
966,37.419322,-122.888455,11,73,166,Maserati,Biturbo,1986,false,Mauv
967,37.695437,-122.23321,12,37,194,Toyota,Camry,1997,false,Yellow
968,37.969482,-122.018666,12,76,158,GMC,Yukon,1997,false,Purple
969,37.919671,-122.433845,10,44,175,Mitsubishi,Tundra,2009,true,Purple
970,37.589391,-122.682166,1,36,145,Acura,MDX,2010,false,Aquamarine
971,37.589328,-122.153268,2,44,165,Ford,Focus,2005,true,Orange
972,37.255355,-122.755475,17,73,147,Dodge,Dakota Club,2004,false,Maroon
973,37.453522,-122.760738,4,28,183,Mercury,Grand Marquis,1991,true,Red
974,37.007686,-122.966843,20,79,193,Lincoln,Continental,1994,false,Crimson
975,37.670639,-122.023552,3,84,195,Scion,xB,2011,true,Turquoise
976,37.390101,-122.706365,16,42,153,Chevrolet,Volt,2011,false,Fuscia
977,37.014035,-122.36764,9,88,159,Scion,xB,2004,false,Red
978,37.173994,-122.303848,14,32,147,Chevrolet,Aveo,2011,false,Teal
979,37.883273,-122.131563,9,66,183,GMC,Savana 2500,2005,false,Blue
980,37.268716,-122.061746,19,96,169,Lincoln,Town Car,2005,true,Teal
981,37.106031,-122.074989,19,39,196,Kia,Rio,2009,false,Fuscia
982,37.645949,-122.930643,11,45,113,Buick,Century,1989,false,Mauv
983,37.990088,-122.958237,3,90,162,Nissan,NV3500,2012,true,Red
984,37.521154,-122.050066,20,58,170,Toyota,MR2,2005,true,Teal
985,37.332371,-122.170738,6,67,191,Dodge,Sprinter,2006,true,Turquoise
986,37.368434,-122.791557,16,89,186,Ford,Excursion,2001,false,Maroon
987,37.861644,-122.669179,2,59,177,Lexus,ES,2007,false,Maroon
988,37.576515,-122.219143,11,36,194,Subaru,Legacy,2008,true,Mauv
989,37.857809,-122.675473,3,83,108,Mitsubishi,Outlander,2003,false,Aquamarine
990,37.893275,-122.357905,9,85,186,BMW,7 Series,2009,false,Blue
991,37.889493,-122.286264,7,95,111,Acura,RL,2007,false,Orange
992,37.989547,-122.42485,5,38,174,Saturn,S-Series,1995,false,Indigo
993,37.234012,-122.498421,4,34,128,Holden,VS Commodore,1995,true,Pink
994,37.54074,-122.486869,15,43,164,Lincoln,Town Car,2006,true,Violet
995,37.335814,-122.3986,3,29,172,Mercedes-Benz,C-Class,1994,true,Green
996,37.054404,-122.747471,15,44,160,Chevrolet,Silverado 2500,2000,true,Green
997,37.917406,-122.412536,7,45,174,Honda,Insight,2010,true,Aquamarine
998,37.630826,-122.1646,12,91,127,GMC,Suburban 1500,1992,true,Pink
999,37.844064,-122.016576,3,56,156,Chrysler,Town & Country,1992,true,Maroon
1000,37.830597,-122.153842,6,69,136,Chevrolet,Tahoe,2007,true,Puce
